"","Group","x","y","Conversion","Share"
"1","A",301,177,0,1
"2","A",364,180,1,1
"3","A",333,179,1,1
"4","A",308,181,1,1
"5","A",307,193,1,1
"6","A",343,180,0,1
"7","A",295,181,0,1
"8","A",290,187,0,1
"9","A",295,185,0,1
"10","A",301,180,0,1
"11","A",333,186,1,1
"12","A",313,179,0,1
"13","A",366,190,1,1
"14","A",353,190,0,1
"15","A",283,191,0,1
"16","A",319,179,1,1
"17","A",288,177,0,1
"18","A",323,185,0,1
"19","A",284,181,1,1
"20","A",289,180,1,1
"21","A",336,194,1,1
"22","A",362,190,0,1
"23","A",309,178,0,1
"24","A",340,187,1,1
"25","A",365,183,1,1
"26","A",308,185,1,1
"27","A",299,193,0,1
"28","A",323,190,1,1
"29","A",311,193,1,1
"30","A",360,178,0,1
"31","A",339,176,1,1
"32","A",297,190,1,1
"33","A",335,195,1,1
"34","A",358,182,0,1
"35","A",362,185,0,1
"36","A",310,183,1,1
"37","A",333,193,0,1
"38","A",299,181,0,1
"39","A",339,189,1,1
"40","A",289,183,1,1
"41","A",348,182,1,1
"42","A",299,194,1,1
"43","A",314,190,1,1
"44","A",337,196,1,1
"45","A",315,192,0,1
"46","A",292,180,1,1
"47","A",299,192,1,1
"48","A",363,183,0,1
"49","A",282,189,1,1
"50","A",290,178,1,1
"51","A",320,179,0,1
"52","A",308,189,0,1
"53","A",333,183,1,1
"54","A",294,179,1,1
"55","A",290,182,0,1
"56","A",313,177,1,1
"57","A",303,186,1,1
"58","A",317,187,1,1
"59","A",298,176,0,1
"60","A",309,181,1,1
"61","A",341,189,1,1
"62","A",318,196,0,1
"63","A",327,179,1,1
"64","A",303,190,0,1
"65","A",301,177,1,1
"66","A",338,195,0,1
"67","A",340,182,0,1
"68","A",298,191,0,1
"69","A",342,186,0,1
"70","A",343,190,1,1
"71","A",349,190,0,1
"72","A",315,176,0,1
"73","A",342,195,1,1
"74","A",288,177,1,1
"75","A",335,190,0,1
"76","A",285,195,0,1
"77","A",343,184,1,1
"78","A",298,185,0,1
"79","A",351,188,0,1
"80","A",322,187,0,1
"81","A",285,188,0,1
"82","A",297,193,1,1
"83","A",316,178,1,1
"84","A",327,192,0,1
"85","A",290,189,0,1
"86","A",347,186,1,1
"87","A",346,189,1,1
"88","A",359,193,0,1
"89","A",298,183,0,1
"90","A",318,183,1,1
"91","A",284,188,1,1
"92","A",346,196,0,1
"93","A",321,192,1,1
"94","A",304,180,0,1
"95","A",354,187,0,1
"96","A",363,186,0,1
"97","A",334,183,1,1
"98","A",344,194,1,1
"99","A",333,180,0,1
"100","A",366,188,1,1
"101","A",287,189,0,1
"102","A",353,177,1,1
"103","A",331,185,0,1
"104","A",345,196,1,1
"105","A",285,176,0,1
"106","A",327,186,1,1
"107","A",363,187,0,1
"108","A",300,194,1,1
"109","A",366,187,1,1
"110","A",310,194,1,1
"111","A",339,194,1,1
"112","A",309,177,1,1
"113","A",294,179,1,1
"114","A",294,180,0,1
"115","A",344,179,0,1
"116","A",330,177,0,1
"117","A",336,178,0,1
"118","A",293,186,0,1
"119","A",338,189,0,1
"120","A",326,193,1,1
"121","A",289,187,1,1
"122","A",349,188,1,1
"123","A",345,181,1,1
"124","A",281,178,0,1
"125","A",302,189,1,1
"126","A",363,177,0,1
"127","A",339,189,0,1
"128","A",311,194,1,1
"129","A",292,177,1,1
"130","A",282,185,0,1
"131","A",324,196,1,1
"132","A",297,186,0,1
"133","A",326,190,0,1
"134","A",310,176,0,1
"135","A",359,177,0,1
"136","A",344,176,1,1
"137","A",286,179,0,1
"138","A",351,189,0,1
"139","A",337,189,1,1
"140","A",303,179,0,1
"141","A",361,190,0,1
"142","A",323,186,1,1
"143","A",353,191,0,1
"144","A",320,177,0,1
"145","A",300,184,0,1
"146","A",346,179,0,1
"147","A",295,180,0,1
"148","A",366,194,1,1
"149","A",355,179,0,1
"150","A",338,185,0,1
"151","A",351,181,1,1
"152","A",320,195,0,1
"153","A",329,184,1,1
"154","A",327,190,0,1
"155","A",331,188,0,1
"156","A",328,184,1,1
"157","A",346,190,1,1
"158","A",367,195,1,1
"159","A",348,191,1,1
"160","A",302,184,0,1
"161","A",282,187,0,1
"162","A",299,193,1,1
"163","A",327,189,0,1
"164","A",332,191,0,1
"165","A",360,183,0,1
"166","A",324,188,1,1
"167","A",327,189,1,1
"168","A",331,176,0,1
"169","A",360,180,1,1
"170","A",325,193,0,1
"171","A",319,185,0,1
"172","A",288,187,1,1
"173","A",358,177,1,1
"174","A",341,179,0,1
"175","A",363,176,0,1
"176","A",297,182,0,1
"177","A",294,189,1,1
"178","A",284,186,0,1
"179","A",331,189,0,1
"180","A",311,180,0,1
"181","A",346,194,0,1
"182","A",356,193,0,1
"183","A",326,184,0,1
"184","A",310,188,1,1
"185","A",332,181,0,1
"186","A",308,193,1,1
"187","A",350,180,1,1
"188","A",331,176,0,1
"189","A",305,179,0,1
"190","A",281,188,1,1
"191","A",326,185,1,1
"192","A",331,189,0,1
"193","A",309,184,1,1
"194","A",293,191,0,1
"195","A",324,178,1,1
"196","A",356,186,1,1
"197","A",328,180,1,1
"198","A",357,190,1,1
"199","A",364,188,1,1
"200","A",355,179,0,1
"201","A",284,187,0,1
"202","A",356,190,1,1
"203","A",328,188,1,1
"204","A",362,185,0,1
"205","A",338,180,0,1
"206","A",312,183,1,1
"207","A",356,189,0,1
"208","A",305,194,0,1
"209","A",292,180,0,1
"210","A",340,180,1,1
"211","A",302,189,0,1
"212","A",345,178,0,1
"213","A",338,188,0,1
"214","A",300,179,0,1
"215","A",288,180,1,1
"216","A",318,176,1,1
"217","A",324,182,0,1
"218","A",365,196,0,1
"219","A",325,193,1,1
"220","A",282,180,1,1
"221","A",317,178,0,1
"222","A",321,190,0,1
"223","A",351,192,1,1
"224","A",315,195,0,1
"225","A",314,189,0,1
"226","A",301,183,1,1
"227","A",355,181,0,1
"228","A",358,187,0,1
"229","A",332,190,1,1
"230","A",307,195,1,1
"231","A",339,186,1,1
"232","A",335,186,1,1
"233","A",328,194,1,1
"234","A",361,196,0,1
"235","A",307,177,1,1
"236","A",342,195,1,1
"237","A",296,176,0,1
"238","A",346,179,1,1
"239","A",314,187,1,1
"240","A",324,194,0,1
"241","A",319,188,0,1
"242","A",301,194,1,1
"243","A",322,181,0,1
"244","A",365,191,0,1
"245","A",363,189,1,1
"246","A",362,190,0,1
"247","A",282,188,0,1
"248","A",307,187,1,1
"249","A",356,186,1,1
"250","A",290,186,1,1
"251","A",306,180,1,1
"252","A",302,193,0,1
"253","A",361,196,1,1
"254","A",351,185,1,1
"255","A",316,189,1,1
"256","A",318,186,1,1
"257","A",282,187,0,1
"258","A",310,184,1,1
"259","A",310,180,1,1
"260","A",315,187,0,1
"261","A",351,184,0,1
"262","A",311,191,0,1
"263","A",338,190,1,1
"264","A",302,185,0,1
"265","A",285,185,0,1
"266","A",283,181,0,1
"267","A",348,183,1,1
"268","A",317,185,1,1
"269","A",337,195,1,1
"270","A",325,181,1,1
"271","A",365,188,1,1
"272","A",303,193,1,1
"273","A",293,194,1,1
"274","A",309,190,1,1
"275","A",358,190,0,1
"276","A",315,195,1,1
"277","A",288,188,1,1
"278","A",308,177,0,1
"279","A",292,185,0,1
"280","A",298,190,0,1
"281","A",291,185,1,1
"282","A",303,191,1,1
"283","A",331,188,1,1
"284","A",342,186,0,1
"285","A",349,177,1,1
"286","A",323,184,1,1
"287","A",297,194,1,1
"288","A",350,185,0,1
"289","A",336,185,1,1
"290","A",298,179,1,1
"291","A",333,190,0,1
"292","A",323,176,1,1
"293","A",295,177,1,1
"294","A",317,194,1,1
"295","A",328,196,1,1
"296","A",346,192,1,1
"297","A",352,182,0,1
"298","A",361,182,0,1
"299","A",294,193,0,1
"300","A",343,181,1,1
"301","A",325,177,1,1
"302","A",312,180,0,1
"303","A",303,189,1,1
"304","A",347,190,0,1
"305","A",334,190,1,1
"306","A",304,176,0,1
"307","A",341,187,0,1
"308","A",301,178,1,1
"309","A",329,193,1,1
"310","A",359,185,0,1
"311","A",354,194,1,1
"312","A",296,183,1,1
"313","A",315,196,0,1
"314","A",287,192,1,1
"315","A",310,191,1,1
"316","A",305,178,0,1
"317","A",323,192,1,1
"318","A",305,183,0,1
"319","A",323,176,0,1
"320","A",336,179,1,1
"321","A",324,181,0,1
"322","A",324,190,0,1
"323","A",335,191,1,1
"324","A",283,177,0,1
"325","A",309,183,1,1
"326","A",297,193,1,1
"327","A",309,179,1,1
"328","A",303,178,0,1
"329","A",307,196,0,1
"330","A",360,196,1,1
"331","A",358,184,1,1
"332","A",327,183,1,1
"333","A",293,179,0,1
"334","A",335,188,0,1
"335","A",363,182,0,1
"336","A",349,181,1,1
"337","A",362,182,0,1
"338","A",323,189,0,1
"339","A",352,179,0,1
"340","A",350,186,0,1
"341","A",359,183,0,1
"342","A",359,188,1,1
"343","A",289,178,1,1
"344","A",349,179,1,1
"345","A",366,178,1,1
"346","A",334,181,1,1
"347","A",299,193,0,1
"348","A",282,196,0,1
"349","A",349,183,1,1
"350","A",351,190,1,1
"351","A",343,178,1,1
"352","A",294,193,0,1
"353","A",290,191,0,1
"354","A",284,187,1,1
"355","A",351,186,1,1
"356","A",297,194,0,1
"357","A",346,176,1,1
"358","A",320,176,1,1
"359","A",357,191,0,1
"360","A",332,196,1,1
"361","A",315,196,1,1
"362","A",329,194,1,1
"363","A",363,196,1,1
"364","A",310,183,1,1
"365","A",360,181,1,1
"366","A",338,189,0,1
"367","A",293,182,1,1
"368","A",359,196,0,1
"369","A",329,189,0,1
"370","A",328,185,0,1
"371","A",332,193,1,1
"372","A",298,184,0,1
"373","A",366,196,0,1
"374","A",320,196,0,1
"375","A",292,190,0,1
"376","A",325,186,1,1
"377","A",283,192,0,1
"378","A",293,181,0,1
"379","A",334,178,1,1
"380","A",332,188,0,1
"381","A",308,178,0,1
"382","A",303,183,0,1
"383","A",307,185,0,1
"384","A",348,190,0,1
"385","A",319,195,1,1
"386","A",343,188,0,1
"387","A",319,191,1,1
"388","A",289,191,0,1
"389","A",325,184,1,1
"390","A",339,179,0,1
"391","A",326,189,1,1
"392","A",323,187,0,1
"393","A",350,179,0,1
"394","A",328,188,1,1
"395","A",355,179,1,1
"396","A",291,189,1,1
"397","A",299,176,1,1
"398","A",335,186,0,1
"399","A",350,188,1,1
"400","A",295,192,1,1
"401","A",303,181,0,1
"402","A",305,178,1,1
"403","A",364,195,0,1
"404","A",351,191,1,1
"405","A",328,196,0,1
"406","A",314,182,1,1
"407","A",295,185,1,1
"408","A",298,181,0,1
"409","A",344,185,1,1
"410","A",326,180,1,1
"411","A",293,195,1,1
"412","A",309,176,1,1
"413","A",307,184,1,1
"414","A",312,189,0,1
"415","A",324,196,1,1
"416","A",313,177,1,1
"417","A",353,189,1,1
"418","A",282,189,1,1
"419","A",351,177,1,1
"420","A",313,181,1,1
"421","A",352,179,1,1
"422","A",338,186,0,1
"423","A",345,185,0,1
"424","A",311,178,1,1
"425","A",329,185,0,1
"426","A",355,187,0,1
"427","A",281,181,1,1
"428","A",306,184,1,1
"429","A",300,194,0,1
"430","A",334,194,0,1
"431","A",329,192,0,1
"432","A",289,181,1,1
"433","A",290,187,0,1
"434","A",347,191,0,1
"435","A",365,196,0,1
"436","A",340,189,0,1
"437","A",340,193,0,1
"438","A",322,177,1,1
"439","A",322,178,0,1
"440","A",319,179,0,1
"441","A",344,183,0,1
"442","A",290,195,0,1
"443","A",340,196,1,1
"444","A",338,178,1,1
"445","A",364,184,0,1
"446","A",312,188,0,1
"447","A",309,186,0,1
"448","A",323,186,1,1
"449","A",332,192,1,1
"450","A",333,191,1,1
"451","A",308,184,1,1
"452","A",354,181,0,1
"453","A",284,179,0,1
"454","A",354,189,1,1
"455","A",343,188,0,1
"456","A",355,177,1,1
"457","A",305,185,1,1
"458","A",313,179,1,1
"459","A",353,179,0,1
"460","A",286,187,0,1
"461","A",309,178,1,1
"462","A",304,193,0,1
"463","A",290,187,0,1
"464","A",365,188,1,1
"465","A",294,190,0,1
"466","A",283,181,0,1
"467","A",325,186,0,1
"468","A",301,183,1,1
"469","A",357,191,1,1
"470","A",315,176,1,1
"471","A",367,179,1,1
"472","A",356,192,1,1
"473","A",313,184,0,1
"474","A",305,178,0,1
"475","A",339,181,1,1
"476","A",324,179,1,1
"477","A",340,183,1,1
"478","A",342,192,0,1
"479","A",352,193,1,1
"480","A",340,181,0,1
"481","A",365,178,0,1
"482","A",306,179,0,1
"483","A",323,191,1,1
"484","A",364,196,1,1
"485","A",301,191,1,1
"486","A",367,181,0,1
"487","A",326,186,1,1
"488","A",316,188,0,1
"489","A",362,195,1,1
"490","A",351,180,1,1
"491","A",342,184,1,1
"492","A",307,181,0,1
"493","A",352,181,0,1
"494","A",281,184,1,1
"495","A",318,189,1,1
"496","A",300,193,1,1
"497","A",306,189,0,1
"498","A",291,176,0,1
"499","A",334,190,0,1
"500","A",309,194,1,1
"501","B",331,189,0,1
"502","B",315,189,1,1
"503","B",301,194,0,1
"504","B",353,178,0,1
"505","B",308,187,0,1
"506","B",306,192,0,1
"507","B",350,185,0,1
"508","B",303,179,1,1
"509","B",357,189,0,1
"510","B",310,177,0,1
"511","B",282,191,0,1
"512","B",328,180,0,1
"513","B",319,190,0,1
"514","B",314,188,0,1
"515","B",326,178,0,1
"516","B",317,186,0,1
"517","B",297,183,1,1
"518","B",359,185,0,1
"519","B",291,181,0,1
"520","B",300,185,0,1
"521","B",346,195,1,1
"522","B",315,179,0,1
"523","B",342,196,1,1
"524","B",297,187,0,1
"525","B",308,196,0,1
"526","B",362,182,0,1
"527","B",283,193,0,1
"528","B",354,191,0,1
"529","B",352,177,0,1
"530","B",289,188,0,1
"531","B",311,191,1,1
"532","B",317,194,0,1
"533","B",320,176,0,1
"534","B",294,176,1,1
"535","B",301,184,1,1
"536","B",351,189,1,1
"537","B",347,191,0,1
"538","B",291,182,1,1
"539","B",323,192,0,1
"540","B",331,180,0,1
"541","B",299,179,1,1
"542","B",312,186,0,1
"543","B",356,186,0,1
"544","B",319,176,0,1
"545","B",359,177,0,1
"546","B",286,188,1,1
"547","B",294,195,0,1
"548","B",334,192,1,1
"549","B",346,193,0,1
"550","B",321,180,1,1
"551","B",325,196,0,1
"552","B",315,187,0,1
"553","B",338,179,0,1
"554","B",335,178,0,1
"555","B",289,178,0,1
"556","B",282,180,0,1
"557","B",327,182,1,1
"558","B",299,190,0,1
"559","B",318,187,0,1
"560","B",290,190,0,1
"561","B",348,177,1,1
"562","B",330,195,0,1
"563","B",291,192,1,1
"564","B",343,189,0,1
"565","B",321,179,1,1
"566","B",358,177,1,1
"567","B",329,181,1,1
"568","B",356,194,1,1
"569","B",350,194,0,1
"570","B",298,186,0,1
"571","B",357,196,0,1
"572","B",291,195,1,1
"573","B",293,192,1,1
"574","B",306,194,0,1
"575","B",326,177,0,1
"576","B",307,184,1,1
"577","B",327,196,1,1
"578","B",302,194,1,1
"579","B",312,177,1,1
"580","B",326,180,0,1
"581","B",329,179,1,1
"582","B",332,193,1,1
"583","B",339,196,1,1
"584","B",325,179,0,1
"585","B",360,179,1,1
"586","B",282,185,1,1
"587","B",331,181,0,1
"588","B",288,177,1,1
"589","B",288,179,0,1
"590","B",284,183,0,1
"591","B",314,188,0,1
"592","B",359,193,0,1
"593","B",288,188,0,1
"594","B",352,179,0,1
"595","B",317,177,0,1
"596","B",311,185,0,1
"597","B",300,195,1,1
"598","B",333,186,1,1
"599","B",298,189,1,1
"600","B",291,182,0,1
"601","B",285,193,1,1
"602","B",330,196,0,1
"603","B",290,193,0,1
"604","B",281,182,0,1
"605","B",359,183,1,1
"606","B",363,191,1,1
"607","B",339,190,1,1
"608","B",355,187,0,1
"609","B",309,193,1,1
"610","B",305,187,0,1
"611","B",309,178,1,1
"612","B",296,184,1,1
"613","B",362,186,0,1
"614","B",310,192,1,1
"615","B",301,186,0,1
"616","B",299,182,0,1
"617","B",317,182,0,1
"618","B",359,188,0,1
"619","B",308,177,0,1
"620","B",289,179,0,1
"621","B",308,176,1,1
"622","B",314,180,1,1
"623","B",344,188,0,1
"624","B",317,184,0,1
"625","B",341,191,1,1
"626","B",325,184,0,1
"627","B",324,184,0,1
"628","B",293,179,1,1
"629","B",333,189,1,1
"630","B",364,181,1,1
"631","B",293,178,0,1
"632","B",322,184,1,1
"633","B",350,193,1,1
"634","B",293,189,0,1
"635","B",342,185,0,1
"636","B",298,190,0,1
"637","B",321,182,1,1
"638","B",367,179,0,1
"639","B",367,191,1,1
"640","B",300,192,0,1
"641","B",366,191,1,1
"642","B",341,188,1,1
"643","B",323,194,0,1
"644","B",305,190,1,1
"645","B",285,186,0,1
"646","B",363,185,0,1
"647","B",322,184,0,1
"648","B",315,194,1,1
"649","B",357,196,0,1
"650","B",337,180,0,1
"651","B",327,194,0,1
"652","B",348,186,0,1
"653","B",358,181,0,1
"654","B",293,185,0,1
"655","B",364,190,0,1
"656","B",330,193,1,1
"657","B",320,178,0,1
"658","B",318,189,1,1
"659","B",317,181,0,1
"660","B",281,193,0,1
"661","B",344,177,1,1
"662","B",294,178,1,1
"663","B",334,180,1,1
"664","B",327,189,1,1
"665","B",367,178,0,1
"666","B",361,179,1,1
"667","B",357,177,0,1
"668","B",325,191,0,1
"669","B",311,178,1,1
"670","B",304,191,0,1
"671","B",289,184,0,1
"672","B",353,179,0,1
"673","B",313,177,1,1
"674","B",283,181,0,1
"675","B",335,192,1,1
"676","B",367,195,1,1
"677","B",346,177,0,1
"678","B",297,190,0,1
"679","B",308,185,0,1
"680","B",296,185,0,1
"681","B",359,186,0,1
"682","B",337,188,0,1
"683","B",315,196,1,1
"684","B",283,183,0,1
"685","B",310,178,0,1
"686","B",357,185,1,1
"687","B",343,196,1,1
"688","B",319,183,0,1
"689","B",330,193,1,1
"690","B",296,185,1,1
"691","B",334,181,1,1
"692","B",290,180,1,1
"693","B",321,176,0,1
"694","B",337,186,1,1
"695","B",307,196,0,1
"696","B",292,187,1,1
"697","B",326,186,1,1
"698","B",343,184,1,1
"699","B",319,184,0,1
"700","B",361,186,1,1
"701","B",354,188,1,1
"702","B",289,186,0,1
"703","B",343,188,1,1
"704","B",289,190,0,1
"705","B",315,184,0,1
"706","B",329,183,1,1
"707","B",287,189,0,1
"708","B",356,181,0,1
"709","B",317,189,0,1
"710","B",347,191,0,1
"711","B",343,195,1,1
"712","B",339,188,1,1
"713","B",360,187,0,1
"714","B",366,188,0,1
"715","B",293,192,1,1
"716","B",302,182,1,1
"717","B",334,180,1,1
"718","B",330,177,0,1
"719","B",331,193,1,1
"720","B",323,178,0,1
"721","B",348,183,1,1
"722","B",367,177,0,1
"723","B",303,192,0,1
"724","B",346,182,0,1
"725","B",309,176,0,1
"726","B",309,176,1,1
"727","B",347,177,1,1
"728","B",356,186,0,1
"729","B",354,194,0,1
"730","B",286,183,0,1
"731","B",298,194,1,1
"732","B",343,177,1,1
"733","B",358,177,0,1
"734","B",332,185,1,1
"735","B",347,196,1,1
"736","B",336,188,1,1
"737","B",359,190,0,1
"738","B",288,182,0,1
"739","B",323,195,1,1
"740","B",362,185,1,1
"741","B",333,179,1,1
"742","B",353,193,0,1
"743","B",336,196,0,1
"744","B",340,195,1,1
"745","B",363,178,1,1
"746","B",290,193,1,1
"747","B",334,188,1,1
"748","B",332,188,0,1
"749","B",314,186,0,1
"750","B",298,184,0,1
"751","B",296,192,1,1
"752","B",299,190,1,1
"753","B",323,189,0,1
"754","B",326,183,1,1
"755","B",331,194,1,1
"756","B",322,179,1,1
"757","B",312,188,1,1
"758","B",333,190,1,1
"759","B",348,184,1,1
"760","B",323,187,0,1
"761","B",367,186,1,1
"762","B",319,181,0,1
"763","B",298,188,1,1
"764","B",317,182,0,1
"765","B",282,190,0,1
"766","B",325,196,1,1
"767","B",300,180,1,1
"768","B",318,186,0,1
"769","B",318,193,1,1
"770","B",281,177,1,1
"771","B",315,185,0,1
"772","B",346,189,0,1
"773","B",356,192,1,1
"774","B",347,186,1,1
"775","B",319,188,1,1
"776","B",354,181,0,1
"777","B",299,180,0,1
"778","B",315,192,1,1
"779","B",340,178,1,1
"780","B",324,178,0,1
"781","B",339,195,1,1
"782","B",309,178,0,1
"783","B",336,187,0,1
"784","B",303,194,1,1
"785","B",328,191,1,1
"786","B",337,177,0,1
"787","B",354,196,1,1
"788","B",363,178,1,1
"789","B",307,184,0,1
"790","B",302,186,1,1
"791","B",299,190,1,1
"792","B",362,192,0,1
"793","B",306,176,1,1
"794","B",353,177,0,1
"795","B",324,189,0,1
"796","B",303,177,0,1
"797","B",303,194,0,1
"798","B",322,177,0,1
"799","B",345,195,1,1
"800","B",284,181,0,1
"801","B",285,195,1,1
"802","B",297,176,0,1
"803","B",332,182,0,1
"804","B",333,187,0,1
"805","B",359,195,0,1
"806","B",291,187,1,1
"807","B",286,177,1,1
"808","B",324,185,0,1
"809","B",324,194,1,1
"810","B",334,176,0,1
"811","B",333,190,1,1
"812","B",295,195,1,1
"813","B",316,184,1,1
"814","B",328,186,0,1
"815","B",341,187,1,1
"816","B",340,196,0,1
"817","B",323,193,0,1
"818","B",315,179,0,1
"819","B",295,185,0,1
"820","B",316,179,0,1
"821","B",321,185,1,1
"822","B",338,182,0,1
"823","B",318,187,1,1
"824","B",298,188,1,1
"825","B",331,188,1,1
"826","B",338,195,1,1
"827","B",356,178,0,1
"828","B",363,177,1,1
"829","B",294,182,1,1
"830","B",295,192,0,1
"831","B",363,187,0,1
"832","B",333,188,1,1
"833","B",297,183,0,1
"834","B",304,191,1,1
"835","B",364,189,1,1
"836","B",339,191,0,1
"837","B",359,196,0,1
"838","B",325,195,0,1
"839","B",297,176,1,1
"840","B",334,183,0,1
"841","B",284,180,1,1
"842","B",365,184,0,1
"843","B",305,191,0,1
"844","B",324,176,1,1
"845","B",328,183,1,1
"846","B",320,190,0,1
"847","B",282,196,0,1
"848","B",296,191,1,1
"849","B",354,184,1,1
"850","B",292,179,0,1
"851","B",339,191,0,1
"852","B",294,191,0,1
"853","B",299,182,1,1
"854","B",325,180,0,1
"855","B",311,194,1,1
"856","B",307,195,1,1
"857","B",307,192,0,1
"858","B",361,195,1,1
"859","B",357,176,1,1
"860","B",284,193,1,1
"861","B",294,192,1,1
"862","B",321,193,0,1
"863","B",319,181,0,1
"864","B",307,190,1,1
"865","B",309,179,0,1
"866","B",344,192,0,1
"867","B",358,196,0,1
"868","B",339,176,0,1
"869","B",290,179,0,1
"870","B",344,192,0,1
"871","B",308,182,0,1
"872","B",318,191,0,1
"873","B",353,182,0,1
"874","B",282,185,1,1
"875","B",329,182,0,1
"876","B",321,179,0,1
"877","B",324,194,1,1
"878","B",361,182,1,1
"879","B",299,188,0,1
"880","B",294,190,0,1
"881","B",346,193,0,1
"882","B",317,179,0,1
"883","B",324,196,1,1
"884","B",366,176,0,1
"885","B",353,179,1,1
"886","B",353,191,0,1
"887","B",365,196,0,1
"888","B",339,188,1,1
"889","B",349,187,0,1
"890","B",302,192,0,1
"891","B",310,183,0,1
"892","B",282,178,0,1
"893","B",308,186,1,1
"894","B",314,183,0,1
"895","B",347,190,1,1
"896","B",364,184,0,1
"897","B",362,192,0,1
"898","B",348,177,0,1
"899","B",357,191,0,1
"900","B",344,188,1,1
"901","B",326,179,1,1
"902","B",330,176,1,1
"903","B",342,193,1,1
"904","B",298,189,1,1
"905","B",364,181,1,1
"906","B",347,193,0,1
"907","B",297,185,0,1
"908","B",314,196,1,1
"909","B",315,191,0,1
"910","B",306,179,0,1
"911","B",291,176,0,1
"912","B",281,179,0,1
"913","B",333,192,0,1
"914","B",323,179,1,1
"915","B",341,187,0,1
"916","B",307,196,0,1
"917","B",322,183,0,1
"918","B",359,176,1,1
"919","B",350,179,1,1
"920","B",366,179,0,1
"921","B",288,194,1,1
"922","B",286,194,0,1
"923","B",358,191,1,1
"924","B",291,186,0,1
"925","B",335,194,1,1
"926","B",325,180,1,1
"927","B",337,189,1,1
"928","B",289,186,0,1
"929","B",285,189,0,1
"930","B",315,182,1,1
"931","B",289,194,1,1
"932","B",291,182,0,1
"933","B",358,184,1,1
"934","B",311,188,0,1
"935","B",300,177,0,1
"936","B",319,188,0,1
"937","B",361,183,1,1
"938","B",287,184,1,1
"939","B",312,180,0,1
"940","B",300,194,0,1
"941","B",324,186,0,1
"942","B",304,181,1,1
"943","B",339,184,0,1
"944","B",300,182,0,1
"945","B",286,194,0,1
"946","B",288,191,1,1
"947","B",365,180,0,1
"948","B",346,181,1,1
"949","B",340,195,1,1
"950","B",344,185,0,1
"951","B",345,195,1,1
"952","B",284,186,0,1
"953","B",302,180,1,1
"954","B",331,182,0,1
"955","B",329,193,0,1
"956","B",339,191,1,1
"957","B",367,177,0,1
"958","B",292,178,0,1
"959","B",307,181,1,1
"960","B",344,178,1,1
"961","B",325,185,1,1
"962","B",347,195,0,1
"963","B",286,185,1,1
"964","B",297,179,0,1
"965","B",333,191,1,1
"966","B",361,196,0,1
"967","B",326,192,1,1
"968","B",358,196,0,1
"969","B",281,191,0,1
"970","B",343,188,1,1
"971","B",288,180,1,1
"972","B",314,188,1,1
"973","B",306,189,1,1
"974","B",359,179,1,1
"975","B",325,180,0,1
"976","B",299,186,0,1
"977","B",305,179,1,1
"978","B",299,178,1,1
"979","B",295,190,1,1
"980","B",289,183,0,1
"981","B",325,179,0,1
"982","B",316,185,1,1
"983","B",361,179,0,1
"984","B",295,179,1,1
"985","B",341,185,1,1
"986","B",291,195,0,1
"987","B",329,181,0,1
"988","B",291,182,0,1
"989","B",367,196,1,1
"990","B",307,178,0,1
"991","B",329,177,0,1
"992","B",304,178,1,1
"993","B",339,177,1,1
"994","B",291,195,0,1
"995","B",346,188,1,1
"996","B",350,181,0,1
"997","B",356,181,0,1
"998","B",282,183,0,1
"999","B",328,187,0,1
"1000","B",300,177,0,1
"1001","A",240,52,0,0
"1002","A",259,66,0,0
"1003","A",241,77,0,0
"1004","A",249,58,0,0
"1005","A",245,62,0,0
"1006","A",257,50,0,0
"1007","A",239,72,0,0
"1008","A",264,73,0,0
"1009","A",237,61,0,0
"1010","A",250,80,0,0
"1011","A",248,62,0,0
"1012","A",238,63,0,0
"1013","A",255,50,0,0
"1014","A",240,50,0,0
"1015","A",242,59,0,0
"1016","A",238,65,0,0
"1017","A",242,54,0,0
"1018","A",260,62,0,0
"1019","A",259,55,0,0
"1020","A",258,55,0,0
"1021","A",248,63,0,0
"1022","A",262,77,0,0
"1023","A",262,55,0,0
"1024","A",241,50,0,0
"1025","A",249,73,0,0
"1026","A",236,69,0,0
"1027","A",240,61,0,0
"1028","A",236,64,0,0
"1029","A",265,74,0,0
"1030","A",259,77,0,0
"1031","A",263,74,0,0
"1032","A",262,62,0,0
"1033","A",239,74,0,0
"1034","A",261,78,0,0
"1035","A",244,60,0,0
"1036","A",249,54,0,0
"1037","A",246,78,0,0
"1038","A",249,67,0,0
"1039","A",246,74,0,0
"1040","A",243,79,0,0
"1041","A",249,79,0,0
"1042","A",265,67,0,0
"1043","A",259,72,0,0
"1044","A",247,54,0,0
"1045","A",265,76,0,0
"1046","A",238,72,0,0
"1047","A",236,66,0,0
"1048","A",262,68,0,0
"1049","A",237,72,0,0
"1050","A",245,56,0,0
"1051","A",238,77,0,0
"1052","A",243,69,0,0
"1053","A",257,50,0,0
"1054","A",257,59,0,0
"1055","A",264,58,0,0
"1056","A",261,75,0,0
"1057","A",259,60,0,0
"1058","A",242,68,0,0
"1059","A",258,59,0,0
"1060","A",241,78,0,0
"1061","A",252,78,0,0
"1062","A",243,73,0,0
"1063","A",237,61,0,0
"1064","A",242,79,0,0
"1065","A",258,76,0,0
"1066","A",244,63,0,0
"1067","A",252,58,0,0
"1068","A",253,78,0,0
"1069","A",249,75,0,0
"1070","A",248,62,0,0
"1071","A",239,73,0,0
"1072","A",236,77,0,0
"1073","A",265,75,0,0
"1074","A",249,76,0,0
"1075","A",246,51,0,0
"1076","A",265,76,0,0
"1077","A",261,59,0,0
"1078","A",262,61,0,0
"1079","A",265,64,0,0
"1080","A",249,66,0,0
"1081","A",242,66,0,0
"1082","A",250,56,0,0
"1083","A",244,52,0,0
"1084","A",260,67,0,0
"1085","A",254,79,0,0
"1086","A",245,75,0,0
"1087","A",264,64,0,0
"1088","A",265,65,0,0
"1089","A",251,60,0,0
"1090","A",248,53,0,0
"1091","A",243,60,0,0
"1092","A",252,56,0,0
"1093","A",251,51,0,0
"1094","A",245,76,0,0
"1095","A",264,52,0,0
"1096","A",263,77,0,0
"1097","A",242,51,0,0
"1098","A",239,57,0,0
"1099","A",242,61,0,0
"1100","A",252,53,0,0
"1101","A",265,59,0,0
"1102","A",252,69,0,0
"1103","A",332,68,0,0
"1104","A",322,73,0,0
"1105","A",329,75,0,0
"1106","A",317,57,0,0
"1107","A",333,72,0,0
"1108","A",305,57,0,0
"1109","A",306,65,0,0
"1110","A",327,60,0,0
"1111","A",326,61,0,0
"1112","A",308,57,0,0
"1113","A",316,75,0,0
"1114","A",310,63,0,0
"1115","A",310,71,0,0
"1116","A",320,79,0,0
"1117","A",317,63,0,0
"1118","A",321,61,0,0
"1119","A",308,53,0,0
"1120","A",333,64,0,0
"1121","A",317,80,0,0
"1122","A",307,61,0,0
"1123","A",305,63,0,0
"1124","A",308,53,0,0
"1125","A",306,69,0,0
"1126","A",316,74,0,0
"1127","A",309,58,0,0
"1128","A",326,55,0,0
"1129","A",329,57,0,0
"1130","A",307,73,0,0
"1131","A",332,73,0,0
"1132","A",316,64,0,0
"1133","A",307,75,0,0
"1134","A",314,79,0,0
"1135","A",316,56,0,0
"1136","A",329,74,0,0
"1137","A",328,76,0,0
"1138","A",322,55,0,0
"1139","A",309,56,0,0
"1140","A",325,80,0,0
"1141","A",306,62,0,0
"1142","A",330,67,0,0
"1143","A",325,56,0,0
"1144","A",308,74,0,0
"1145","A",318,68,0,0
"1146","A",312,72,0,0
"1147","A",311,52,0,0
"1148","A",333,60,0,0
"1149","A",327,57,0,0
"1150","A",312,61,0,0
"1151","A",313,62,0,0
"1152","A",315,75,0,0
"1153","A",313,70,0,0
"1154","A",317,77,0,0
"1155","A",311,58,0,0
"1156","A",321,80,0,0
"1157","A",320,59,0,0
"1158","A",317,70,0,0
"1159","A",333,61,0,0
"1160","A",313,80,0,0
"1161","A",330,63,0,0
"1162","A",326,63,0,0
"1163","A",308,69,0,0
"1164","A",316,73,0,0
"1165","A",321,66,0,0
"1166","A",330,61,0,0
"1167","A",331,64,0,0
"1168","A",317,66,0,0
"1169","A",309,59,0,0
"1170","A",328,53,0,0
"1171","A",331,67,0,0
"1172","A",332,62,0,0
"1173","A",313,74,0,0
"1174","A",313,64,0,0
"1175","A",309,57,0,0
"1176","A",325,70,0,0
"1177","A",311,66,0,0
"1178","A",316,75,0,0
"1179","A",322,69,0,0
"1180","A",307,75,0,0
"1181","A",308,67,0,0
"1182","A",333,71,0,0
"1183","A",324,77,0,0
"1184","A",321,61,0,0
"1185","A",321,65,0,0
"1186","A",317,52,0,0
"1187","A",323,78,0,0
"1188","A",316,55,0,0
"1189","A",331,79,0,0
"1190","A",332,60,0,0
"1191","A",310,58,0,0
"1192","A",319,55,0,0
"1193","A",316,76,0,0
"1194","A",324,69,0,0
"1195","A",318,63,0,0
"1196","A",330,67,0,0
"1197","A",320,80,0,0
"1198","A",318,68,0,0
"1199","A",329,70,0,0
"1200","A",323,69,0,0
"1201","A",332,54,0,0
"1202","A",324,53,0,0
"1203","A",331,70,0,0
"1204","A",316,58,0,0
"1205","A",333,70,0,0
"1206","A",203,64,0,0
"1207","A",214,73,0,0
"1208","A",225,64,0,0
"1209","A",227,60,0,0
"1210","A",224,73,0,0
"1211","A",224,75,0,0
"1212","A",204,62,0,0
"1213","A",218,73,0,0
"1214","A",221,76,0,0
"1215","A",208,57,0,0
"1216","A",223,73,0,0
"1217","A",212,76,0,0
"1218","A",201,54,0,0
"1219","A",222,71,0,0
"1220","A",207,77,0,0
"1221","A",203,54,0,0
"1222","A",215,55,0,0
"1223","A",215,56,0,0
"1224","A",217,59,0,0
"1225","A",202,63,0,0
"1226","A",224,73,0,0
"1227","A",207,72,0,0
"1228","A",214,63,0,0
"1229","A",225,52,0,0
"1230","A",217,72,0,0
"1231","A",228,74,0,0
"1232","A",207,75,0,0
"1233","A",204,53,0,0
"1234","A",228,70,0,0
"1235","A",219,61,0,0
"1236","A",209,70,0,0
"1237","A",209,56,0,0
"1238","A",227,53,0,0
"1239","A",225,56,0,0
"1240","A",214,54,0,0
"1241","A",217,75,0,0
"1242","A",210,69,0,0
"1243","A",222,61,0,0
"1244","A",220,63,0,0
"1245","A",217,76,0,0
"1246","A",216,62,0,0
"1247","A",213,54,0,0
"1248","A",200,66,0,0
"1249","A",224,58,0,0
"1250","A",225,69,0,0
"1251","A",205,74,0,0
"1252","A",202,66,0,0
"1253","A",217,76,0,0
"1254","A",225,76,0,0
"1255","A",208,58,0,0
"1256","A",224,62,0,0
"1257","A",204,72,0,0
"1258","A",212,69,0,0
"1259","B",251,59,0,0
"1260","B",254,64,0,0
"1261","B",237,62,0,0
"1262","B",252,50,0,0
"1263","B",236,78,0,0
"1264","B",255,58,0,0
"1265","B",253,56,0,0
"1266","B",245,54,0,0
"1267","B",236,72,0,0
"1268","B",244,70,0,0
"1269","B",257,75,0,0
"1270","B",254,68,0,0
"1271","B",249,52,0,0
"1272","B",251,64,0,0
"1273","B",248,50,0,0
"1274","B",240,78,0,0
"1275","B",243,71,0,0
"1276","B",251,72,0,0
"1277","B",259,78,0,0
"1278","B",239,74,0,0
"1279","B",255,58,0,0
"1280","B",239,66,0,0
"1281","B",256,65,0,0
"1282","B",257,78,0,0
"1283","B",258,57,0,0
"1284","B",263,54,0,0
"1285","B",248,66,0,0
"1286","B",241,75,0,0
"1287","B",254,63,0,0
"1288","B",253,58,0,0
"1289","B",262,51,0,0
"1290","B",255,63,0,0
"1291","B",239,57,0,0
"1292","B",237,73,0,0
"1293","B",245,75,0,0
"1294","B",249,76,0,0
"1295","B",264,51,0,0
"1296","B",264,60,0,0
"1297","B",250,53,0,0
"1298","B",262,51,0,0
"1299","B",248,69,0,0
"1300","B",262,75,0,0
"1301","B",242,78,0,0
"1302","B",259,61,0,0
"1303","B",253,80,0,0
"1304","B",245,69,0,0
"1305","B",251,77,0,0
"1306","B",251,54,0,0
"1307","B",247,76,0,0
"1308","B",236,71,0,0
"1309","B",256,65,0,0
"1310","B",262,55,0,0
"1311","B",265,65,0,0
"1312","B",241,60,0,0
"1313","B",244,71,0,0
"1314","B",245,57,0,0
"1315","B",254,69,0,0
"1316","B",243,58,0,0
"1317","B",258,68,0,0
"1318","B",249,50,0,0
"1319","B",248,54,0,0
"1320","B",245,63,0,0
"1321","B",239,78,0,0
"1322","B",254,52,0,0
"1323","B",246,63,0,0
"1324","B",257,52,0,0
"1325","B",239,67,0,0
"1326","B",251,61,0,0
"1327","B",250,61,0,0
"1328","B",252,79,0,0
"1329","B",245,54,0,0
"1330","B",243,64,0,0
"1331","B",258,71,0,0
"1332","B",262,77,0,0
"1333","B",258,55,0,0
"1334","B",236,53,0,0
"1335","B",265,55,0,0
"1336","B",248,63,0,0
"1337","B",254,63,0,0
"1338","B",251,65,0,0
"1339","B",238,79,0,0
"1340","B",249,60,0,0
"1341","B",247,74,0,0
"1342","B",259,55,0,0
"1343","B",248,55,0,0
"1344","B",262,58,0,0
"1345","B",261,56,0,0
"1346","B",238,76,0,0
"1347","B",245,72,0,0
"1348","B",248,54,0,0
"1349","B",312,52,0,0
"1350","B",316,55,0,0
"1351","B",305,58,0,0
"1352","B",307,54,0,0
"1353","B",328,72,0,0
"1354","B",330,71,0,0
"1355","B",313,58,0,0
"1356","B",314,68,0,0
"1357","B",333,75,0,0
"1358","B",325,76,0,0
"1359","B",323,78,0,0
"1360","B",328,77,0,0
"1361","B",314,77,0,0
"1362","B",314,55,0,0
"1363","B",332,78,0,0
"1364","B",309,63,0,0
"1365","B",322,80,0,0
"1366","B",318,74,0,0
"1367","B",326,79,0,0
"1368","B",307,73,0,0
"1369","B",319,71,0,0
"1370","B",333,57,0,0
"1371","B",325,61,0,0
"1372","B",331,71,0,0
"1373","B",309,59,0,0
"1374","B",312,58,0,0
"1375","B",313,80,0,0
"1376","B",306,52,0,0
"1377","B",318,56,0,0
"1378","B",328,61,0,0
"1379","B",306,56,0,0
"1380","B",333,58,0,0
"1381","B",325,79,0,0
"1382","B",328,73,0,0
"1383","B",319,78,0,0
"1384","B",316,69,0,0
"1385","B",330,60,0,0
"1386","B",314,74,0,0
"1387","B",325,79,0,0
"1388","B",312,75,0,0
"1389","B",322,56,0,0
"1390","B",319,73,0,0
"1391","B",333,74,0,0
"1392","B",310,60,0,0
"1393","B",328,78,0,0
"1394","B",305,64,0,0
"1395","B",311,61,0,0
"1396","B",321,59,0,0
"1397","B",317,54,0,0
"1398","B",332,58,0,0
"1399","B",313,68,0,0
"1400","B",324,72,0,0
"1401","B",332,61,0,0
"1402","B",314,72,0,0
"1403","B",312,66,0,0
"1404","B",306,57,0,0
"1405","B",327,64,0,0
"1406","B",318,71,0,0
"1407","B",305,62,0,0
"1408","B",314,74,0,0
"1409","B",333,78,0,0
"1410","B",319,56,0,0
"1411","B",322,78,0,0
"1412","B",307,55,0,0
"1413","B",309,52,0,0
"1414","B",308,52,0,0
"1415","B",328,68,0,0
"1416","B",332,55,0,0
"1417","B",309,76,0,0
"1418","B",316,80,0,0
"1419","B",311,52,0,0
"1420","B",319,80,0,0
"1421","B",310,62,0,0
"1422","B",317,68,0,0
"1423","B",306,63,0,0
"1424","B",319,64,0,0
"1425","B",320,73,0,0
"1426","B",307,54,0,0
"1427","B",329,78,0,0
"1428","B",312,53,0,0
"1429","B",310,76,0,0
"1430","B",309,54,0,0
"1431","B",333,79,0,0
"1432","B",316,57,0,0
"1433","B",316,65,0,0
"1434","B",311,66,0,0
"1435","B",331,61,0,0
"1436","B",325,76,0,0
"1437","B",312,74,0,0
"1438","B",227,57,0,0
"1439","B",210,59,0,0
"1440","B",213,64,0,0
"1441","B",208,61,0,0
"1442","B",219,61,0,0
"1443","B",221,52,0,0
"1444","B",220,62,0,0
"1445","B",222,67,0,0
"1446","B",225,67,0,0
"1447","B",224,68,0,0
"1448","B",215,69,0,0
"1449","B",221,78,0,0
"1450","B",223,53,0,0
"1451","B",215,64,0,0
"1452","B",201,66,0,0
"1453","B",201,67,0,0
"1454","B",228,65,0,0
"1455","B",210,74,0,0
"1456","B",201,68,0,0
"1457","B",211,61,0,0
"1458","B",228,61,0,0
"1459","B",207,60,0,0
"1460","B",213,53,0,0
"1461","B",219,54,0,0
"1462","B",219,78,0,0
"1463","B",226,55,0,0
"1464","B",206,56,0,0
"1465","B",210,64,0,0
"1466","B",205,69,0,0
"1467","B",211,61,0,0
"1468","B",218,70,0,0
"1469","B",208,55,0,0
"1470","B",210,55,0,0
"1471","B",213,71,0,0
"1472","B",228,67,0,0
"1473","B",214,53,0,0
"1474","B",205,66,0,0
"1475","B",223,54,0,0
"1476","B",223,75,0,0
"1477","B",215,53,0,0
"1478","B",225,69,0,0
"1479","B",202,77,0,0
"1480","B",216,69,0,0
"1481","B",227,64,0,0
